customer_id,customer_name,gender,age,city,state,signup_date
1,Ankit Gupta,Male,24,Surat,Gujarat,2025-03-20
2,Pooja Kumar,Female,38,Patiala,Punjab,2025-09-12
3,Aditya Mehta,Male,42,Bhopal,Madhya Pradesh,2024-07-13
4,Vikram Mishra,Female,20,Patiala,Punjab,2024-01-02
5,Aditya Nair,Male,41,Patiala,Punjab,2024-03-12
6,Arjun Chopra,Female,57,Chandigarh,Chandigarh,2025-11-10
7,Neha Joshi,Male,37,Kochi,Kerala,2024-11-12
8,Aisha Khanna,Female,38,Amritsar,Punjab,2025-12-14
9,Arjun Reddy,Female,53,Chennai,Tamil Nadu,2024-07-15
10,Riya Nair,Female,60,Amritsar,Punjab,2025-11-24
11,Manav Kumar,Male,57,Bhopal,Madhya Pradesh,2024-11-04
12,Manav Joshi,Female,53,Delhi,Delhi,2024-11-07
13,Rohan Chopra,Female,31,Patiala,Punjab,2025-08-16
14,Aisha Joshi,Female,47,Gurugram,Haryana,2025-03-28
15,Tanya Bhatia,Male,50,Noida,Uttar Pradesh,2024-06-22
16,Aditya Bhatia,Male,36,Kochi,Kerala,2025-11-10
17,Simran Bansal,Female,23,Ahmedabad,Gujarat,2025-11-19
18,Ankit Kumar,Female,32,Pune,Maharashtra,2024-05-30
19,Aisha Sethi,Male,20,Ahmedabad,Gujarat,2025-05-01
20,Isha Arora,Male,47,Patiala,Punjab,2025-10-06
21,Sanya Kumar,Male,42,Noida,Uttar Pradesh,2025-02-13
22,Riya Sharma,Male,27,Delhi,Delhi,2024-04-19
23,Priya Khanna,Female,32,Kolkata,West Bengal,2025-12-13
24,Pooja Khanna,Female,21,Indore,Madhya Pradesh,2024-09-12
25,Aarav Kapoor,Male,47,Chennai,Tamil Nadu,2025-04-20
26,Tanya Singh,Female,46,Surat,Gujarat,2025-05-31
27,Isha Khanna,Female,53,Gurugram,Haryana,2024-06-11
28,Ananya Bansal,Female,46,Jaipur,Rajasthan,2024-09-10
29,Isha Mehta,Female,51,Noida,Uttar Pradesh,2025-10-03
30,Aisha Arora,Male,35,Gurugram,Haryana,2024-03-20
31,Rahul Khanna,Female,33,Jaipur,Rajasthan,2024-12-09
32,Ankit Singh,Female,52,Bengaluru,Karnataka,2024-05-21
33,Ananya Kumar,Male,32,Amritsar,Punjab,2025-12-11
34,Aditya Verma,Male,31,Bengaluru,Karnataka,2025-02-28
35,Meera Gill,Female,39,Indore,Madhya Pradesh,2025-04-22
36,Vivaan Verma,Female,21,Pune,Maharashtra,2025-03-06
37,Kabir Reddy,Female,55,Delhi,Delhi,2025-08-12
38,Arjun Bansal,Female,48,Delhi,Delhi,2024-12-26
39,Ananya Kapoor,Female,42,Patiala,Punjab,2025-07-05
40,Vikram Arora,Male,49,Ahmedabad,Gujarat,2024-10-06
41,Simran Khanna,Female,49,Delhi,Delhi,2025-02-02
42,Aisha Agarwal,Female,60,Amritsar,Punjab,2024-06-18
43,Vikram Reddy,Female,26,Surat,Gujarat,2025-06-30
44,Ankit Agarwal,Male,43,Bhopal,Madhya Pradesh,2025-07-31
45,Pooja Agarwal,Male,23,Patiala,Punjab,2024-05-18
46,Rahul Bhatia,Female,29,Mumbai,Maharashtra,2024-09-23
47,Vikram Verma,Female,38,Pune,Maharashtra,2025-04-10
48,Riya Malhotra,Female,39,Amritsar,Punjab,2024-10-11
49,Ankit Joshi,Female,34,Bengaluru,Karnataka,2025-04-26
50,Ankit Sethi,Male,52,Mumbai,Maharashtra,2024-12-24
51,Rohan Bansal,Male,59,Bengaluru,Karnataka,2025-10-29
52,Rohan Mishra,Male,19,Ahmedabad,Gujarat,2024-07-23
53,Kabir Bhatia,Male,57,Chennai,Tamil Nadu,2024-09-01
54,Neha Kumar,Male,48,Hyderabad,Telangana,2025-07-31
55,Aditya Sethi,Male,47,Jaipur,Rajasthan,2025-01-12
56,Nikhil Bhatia,Male,56,Surat,Gujarat,2024-04-27
57,Priya Agarwal,Male,37,Hyderabad,Telangana,2025-08-15
58,Rahul Arora,Male,37,Bhopal,Madhya Pradesh,2025-11-24
59,Rahul Sharma,Female,43,Pune,Maharashtra,2024-03-18
60,Kavya Gill,Male,24,Lucknow,Uttar Pradesh,2025-12-01
61,Nikhil Sharma,Male,54,Mumbai,Maharashtra,2024-12-21
62,Simran Sethi,Female,60,Ludhiana,Punjab,2024-03-11
63,Vivaan Agarwal,Female,18,Patiala,Punjab,2025-05-16
64,Ankit Sharma,Male,45,Ludhiana,Punjab,2025-10-12
65,Aarav Gupta,Female,27,Patiala,Punjab,2024-06-29
66,Rohan Nair,Female,57,Indore,Madhya Pradesh,2025-05-10
67,Neha Gupta,Female,45,Bhopal,Madhya Pradesh,2024-10-01
68,Nikhil Bansal,Female,33,Bengaluru,Karnataka,2024-10-12
69,Simran Reddy,Female,33,Gurugram,Haryana,2025-08-06
70,Sanya Nair,Female,39,Delhi,Delhi,2025-05-21
71,Rohan Reddy,Female,29,Noida,Uttar Pradesh,2024-08-05
72,Tanya Bansal,Female,34,Chandigarh,Chandigarh,2024-10-13
73,Priya Chopra,Female,53,Delhi,Delhi,2025-06-13
74,Kavya Sharma,Male,23,Ahmedabad,Gujarat,2025-02-20
75,Manav Kapoor,Female,53,Ahmedabad,Gujarat,2025-12-08
76,Manav Bansal,Female,59,Noida,Uttar Pradesh,2025-04-03
77,Nikhil Kapoor,Male,23,Lucknow,Uttar Pradesh,2024-08-14
78,Riya Reddy,Female,33,Lucknow,Uttar Pradesh,2025-11-10
79,Aisha Nair,Female,48,Indore,Madhya Pradesh,2025-06-27
80,Rahul Kapoor,Female,45,Indore,Madhya Pradesh,2024-12-04
81,Aarav Arora,Female,47,Jaipur,Rajasthan,2024-11-09
82,Aarav Malhotra,Female,32,Hyderabad,Telangana,2024-07-16
83,Sanya Singh,Female,25,Indore,Madhya Pradesh,2025-12-07
84,Isha Malhotra,Male,30,Pune,Maharashtra,2025-05-10
85,Pooja Mishra,Female,55,Kochi,Kerala,2025-09-03
86,Kabir Mehta,Female,24,Pune,Maharashtra,2024-10-30
87,Kavya Mehta,Male,41,Kolkata,West Bengal,2024-11-05
88,Rohan Khanna,Male,52,Chennai,Tamil Nadu,2024-10-07
89,Kabir Malhotra,Male,21,Indore,Madhya Pradesh,2024-10-26
90,Vivaan Malhotra,Male,58,Noida,Uttar Pradesh,2024-04-15
91,Arjun Agarwal,Male,54,Lucknow,Uttar Pradesh,2025-04-25
92,Nikhil Gupta,Female,46,Chandigarh,Chandigarh,2024-07-07
93,Meera Singh,Male,34,Noida,Uttar Pradesh,2024-04-26
94,Aisha Kapoor,Male,43,Noida,Uttar Pradesh,2024-03-16
95,Nikhil Singh,Male,27,Chennai,Tamil Nadu,2025-07-30
96,Rohan Joshi,Female,23,Ahmedabad,Gujarat,2024-05-01
97,Karan Sharma,Female,56,Surat,Gujarat,2025-09-25
98,Manav Bhatia,Male,51,Amritsar,Punjab,2025-04-06
99,Pooja Reddy,Female,37,Bhopal,Madhya Pradesh,2025-03-15
100,Vikram Joshi,Female,54,Surat,Gujarat,2024-03-02
101,Ananya Sethi,Male,31,Pune,Maharashtra,2024-09-27
102,Simran Singh,Male,28,Ahmedabad,Gujarat,2024-06-26
103,Ananya Agarwal,Male,28,Delhi,Delhi,2025-02-22
104,Kavya Nair,Female,56,Noida,Uttar Pradesh,2024-10-25
105,Rohan Mehta,Male,32,Lucknow,Uttar Pradesh,2025-12-24
106,Riya Kumar,Female,47,Bengaluru,Karnataka,2025-12-04
107,Ankit Arora,Male,34,Bhopal,Madhya Pradesh,2025-11-08
108,Pooja Nair,Male,45,Hyderabad,Telangana,2025-07-11
109,Vikram Nair,Male,59,Chennai,Tamil Nadu,2024-09-29
110,Neha Nair,Male,22,Mumbai,Maharashtra,2024-06-18
111,Vivaan Gill,Female,56,Bhopal,Madhya Pradesh,2024-10-22
112,Pooja Chopra,Female,25,Gurugram,Haryana,2025-12-06
113,Arjun Khanna,Female,43,Jaipur,Rajasthan,2025-05-27
114,Karan Malhotra,Female,46,Bengaluru,Karnataka,2025-09-04
115,Kavya Bansal,Male,45,Chandigarh,Chandigarh,2025-09-10
116,Ishaan Khanna,Female,19,Bengaluru,Karnataka,2024-08-22
117,Kabir Bansal,Male,35,Bhopal,Madhya Pradesh,2024-02-11
118,Vikram Gill,Male,48,Kochi,Kerala,2025-10-29
119,Vivaan Arora,Female,35,Kolkata,West Bengal,2025-08-22
120,Isha Gupta,Female,58,Noida,Uttar Pradesh,2024-04-03
121,Aarav Bansal,Female,40,Patiala,Punjab,2024-12-07
122,Meera Kapoor,Female,60,Hyderabad,Telangana,2024-06-13
123,Ishaan Mehta,Female,44,Noida,Uttar Pradesh,2024-10-22
124,Ananya Nair,Female,53,Mumbai,Maharashtra,2025-04-10
125,Meera Verma,Male,38,Jaipur,Rajasthan,2024-11-27
126,Manav Verma,Male,43,Kochi,Kerala,2024-01-02
127,Priya Arora,Female,44,Mumbai,Maharashtra,2024-07-11
128,Nikhil Gill,Female,57,Noida,Uttar Pradesh,2025-10-02
129,Rahul Chopra,Female,21,Pune,Maharashtra,2024-09-30
130,Riya Gupta,Male,36,Gurugram,Haryana,2025-12-16
131,Riya Singh,Female,25,Delhi,Delhi,2025-10-07
132,Aarav Singh,Male,28,Lucknow,Uttar Pradesh,2025-07-18
133,Aarav Gill,Male,53,Patiala,Punjab,2024-04-05
134,Ishaan Bansal,Male,25,Gurugram,Haryana,2024-04-30
135,Meera Kumar,Male,49,Lucknow,Uttar Pradesh,2025-06-05
136,Arjun Mishra,Female,44,Noida,Uttar Pradesh,2025-04-28
137,Isha Nair,Male,47,Indore,Madhya Pradesh,2024-05-28
138,Neha Reddy,Female,30,Surat,Gujarat,2025-06-04
139,Kavya Arora,Male,22,Jaipur,Rajasthan,2025-02-28
140,Tanya Arora,Female,50,Jaipur,Rajasthan,2024-01-03
141,Vikram Kumar,Female,37,Bhopal,Madhya Pradesh,2025-08-16
142,Sanya Khanna,Female,27,Gurugram,Haryana,2025-07-05
143,Arjun Malhotra,Female,40,Chandigarh,Chandigarh,2025-07-19
144,Ankit Bhatia,Female,47,Chandigarh,Chandigarh,2024-07-12
145,Rahul Nair,Male,54,Amritsar,Punjab,2024-08-27
146,Vikram Gupta,Female,20,Chandigarh,Chandigarh,2025-04-29
147,Manav Malhotra,Female,42,Chennai,Tamil Nadu,2025-05-22
148,Priya Sharma,Male,26,Kochi,Kerala,2025-08-27
149,Meera Khanna,Female,24,Gurugram,Haryana,2024-04-12
150,Tanya Malhotra,Female,18,Chennai,Tamil Nadu,2025-02-23
151,Aisha Bansal,Male,22,Noida,Uttar Pradesh,2024-09-28
152,Vikram Mehta,Female,57,Amritsar,Punjab,2025-10-27
153,Kabir Chopra,Male,39,Indore,Madhya Pradesh,2025-01-24
154,Meera Agarwal,Female,58,Noida,Uttar Pradesh,2025-07-08
155,Kavya Verma,Male,57,Bengaluru,Karnataka,2024-08-28
156,Tanya Mehta,Female,32,Bengaluru,Karnataka,2025-03-20
157,Neha Agarwal,Male,58,Hyderabad,Telangana,2025-03-30
158,Aarav Agarwal,Male,37,Delhi,Delhi,2024-02-17
159,Sanya Bansal,Female,21,Lucknow,Uttar Pradesh,2025-01-02
160,Vivaan Sharma,Female,45,Chennai,Tamil Nadu,2024-09-07
161,Rahul Sethi,Female,54,Kolkata,West Bengal,2024-06-23
162,Ananya Gill,Male,23,Surat,Gujarat,2025-01-26
163,Priya Mishra,Male,49,Bhopal,Madhya Pradesh,2024-05-26
164,Priya Malhotra,Male,47,Jaipur,Rajasthan,2025-04-15
165,Riya Mishra,Female,60,Delhi,Delhi,2025-04-21
166,Neha Sharma,Female,52,Kolkata,West Bengal,2024-03-16
167,Vikram Khanna,Female,40,Bhopal,Madhya Pradesh,2024-11-02
168,Aisha Kumar,Female,34,Gurugram,Haryana,2024-11-05
169,Pooja Kapoor,Male,42,Noida,Uttar Pradesh,2024-04-19
170,Pooja Gill,Male,42,Bhopal,Madhya Pradesh,2025-01-02
171,Nikhil Sethi,Female,36,Delhi,Delhi,2025-11-05
172,Aisha Verma,Female,35,Delhi,Delhi,2025-08-02
173,Manav Gill,Male,56,Noida,Uttar Pradesh,2024-10-20
174,Aarav Reddy,Male,56,Ludhiana,Punjab,2024-08-12
175,Aditya Joshi,Male,57,Jaipur,Rajasthan,2025-11-25
176,Arjun Joshi,Male,58,Hyderabad,Telangana,2025-10-04
177,Priya Gupta,Male,37,Gurugram,Haryana,2024-02-04
178,Vivaan Bhatia,Female,26,Bengaluru,Karnataka,2024-10-29
179,Pooja Arora,Female,44,Kolkata,West Bengal,2024-07-24
180,Tanya Sharma,Male,52,Ludhiana,Punjab,2025-06-27
181,Isha Agarwal,Female,28,Jaipur,Rajasthan,2025-05-08
182,Ankit Gill,Female,39,Hyderabad,Telangana,2025-04-24
183,Aisha Chopra,Male,27,Ahmedabad,Gujarat,2025-11-23
184,Tanya Chopra,Female,53,Ludhiana,Punjab,2024-04-02
185,Kabir Sharma,Female,18,Jaipur,Rajasthan,2025-07-03
186,Arjun Kapoor,Male,47,Ludhiana,Punjab,2025-11-19
187,Rohan Bhatia,Female,55,Amritsar,Punjab,2025-10-15
188,Tanya Mishra,Female,24,Ahmedabad,Gujarat,2025-04-27
189,Rohan Agarwal,Male,57,Indore,Madhya Pradesh,2024-12-01
190,Nikhil Mishra,Male,59,Bengaluru,Karnataka,2025-10-12
191,Riya Bhatia,Female,37,Patiala,Punjab,2024-04-29
192,Priya Bansal,Male,20,Mumbai,Maharashtra,2024-11-07
193,Neha Gill,Female,25,Hyderabad,Telangana,2024-08-28
194,Sanya Agarwal,Male,42,Gurugram,Haryana,2025-01-14
195,Rahul Gupta,Female,55,Chennai,Tamil Nadu,2025-02-28
196,Isha Singh,Male,49,Surat,Gujarat,2025-02-21
197,Aditya Singh,Female,20,Ludhiana,Punjab,2024-08-10
198,Arjun Sharma,Female,46,Ahmedabad,Gujarat,2025-01-06
199,Nikhil Chopra,Male,41,Indore,Madhya Pradesh,2025-10-22
200,Kabir Singh,Female,21,Amritsar,Punjab,2024-10-09
201,Meera Malhotra,Male,25,Gurugram,Haryana,2024-04-03
202,Isha Reddy,Male,59,Surat,Gujarat,2024-01-22
203,Pooja Gupta,Male,39,Ahmedabad,Gujarat,2024-05-08
204,Ishaan Agarwal,Male,22,Indore,Madhya Pradesh,2024-07-31
205,Ananya Malhotra,Male,32,Chandigarh,Chandigarh,2024-05-31
206,Ishaan Joshi,Male,35,Chennai,Tamil Nadu,2024-05-13
207,Karan Nair,Female,29,Hyderabad,Telangana,2025-11-07
208,Aarav Bhatia,Male,26,Delhi,Delhi,2025-01-01
209,Aisha Gill,Male,55,Chandigarh,Chandigarh,2024-01-17
210,Karan Gill,Male,34,Mumbai,Maharashtra,2024-05-09
211,Simran Gupta,Female,51,Hyderabad,Telangana,2024-03-06
212,Pooja Mehta,Female,46,Ludhiana,Punjab,2025-06-09
213,Kabir Agarwal,Male,46,Kochi,Kerala,2024-08-14
214,Priya Nair,Male,60,Kochi,Kerala,2024-11-04
215,Ishaan Nair,Female,59,Delhi,Delhi,2024-03-03
216,Simran Gill,Female,43,Patiala,Punjab,2025-12-03
217,Isha Verma,Male,49,Gurugram,Haryana,2024-03-16
218,Sanya Malhotra,Male,38,Surat,Gujarat,2024-05-31
219,Kabir Joshi,Male,26,Jaipur,Rajasthan,2025-10-01
220,Vivaan Kapoor,Female,42,Surat,Gujarat,2025-06-27
221,Ananya Sharma,Female,47,Kochi,Kerala,2025-09-11
222,Tanya Khanna,Female,24,Hyderabad,Telangana,2025-11-01
223,Rohan Malhotra,Male,45,Gurugram,Haryana,2024-08-21
224,Simran Verma,Female,39,Gurugram,Haryana,2025-02-12
225,Karan Kumar,Female,24,Chandigarh,Chandigarh,2025-03-13
226,Ishaan Verma,Female,60,Jaipur,Rajasthan,2025-01-18
227,Vivaan Mehta,Male,48,Bengaluru,Karnataka,2024-04-03
228,Neha Kapoor,Male,23,Patiala,Punjab,2024-04-08
229,Ankit Kapoor,Female,26,Indore,Madhya Pradesh,2024-03-02
230,Sanya Sethi,Female,60,Hyderabad,Telangana,2025-02-24
231,Tanya Joshi,Female,60,Patiala,Punjab,2024-02-22
232,Manav Sethi,Female,56,Lucknow,Uttar Pradesh,2024-12-26
233,Ananya Verma,Male,54,Kochi,Kerala,2024-08-05
234,Manav Mishra,Male,60,Noida,Uttar Pradesh,2024-08-17
235,Karan Mehta,Male,40,Indore,Madhya Pradesh,2025-01-11
236,Simran Arora,Male,35,Bhopal,Madhya Pradesh,2024-08-19
237,Rohan Sethi,Female,53,Surat,Gujarat,2025-09-20
238,Sanya Chopra,Male,56,Jaipur,Rajasthan,2024-01-30
239,Ankit Bansal,Male,35,Lucknow,Uttar Pradesh,2024-12-13
240,Isha Sharma,Female,18,Kolkata,West Bengal,2024-05-26
241,Manav Singh,Female,22,Chennai,Tamil Nadu,2025-10-10
242,Aditya Bansal,Male,23,Kochi,Kerala,2024-08-08
243,Karan Gupta,Female,44,Gurugram,Haryana,2024-12-15
244,Aisha Malhotra,Male,41,Lucknow,Uttar Pradesh,2024-11-28
245,Isha Kapoor,Male,21,Chennai,Tamil Nadu,2024-06-10
246,Aisha Sharma,Male,23,Jaipur,Rajasthan,2025-03-29
247,Arjun Singh,Female,49,Surat,Gujarat,2025-03-28
248,Tanya Agarwal,Female,35,Pune,Maharashtra,2025-06-08
249,Vikram Kapoor,Male,40,Patiala,Punjab,2024-04-23
250,Vikram Malhotra,Female,55,Noida,Uttar Pradesh,2025-06-23
251,Ananya Mehta,Female,20,Ahmedabad,Gujarat,2025-02-08
252,Kabir Verma,Male,18,Pune,Maharashtra,2024-11-04
253,Ishaan Gupta,Male,26,Jaipur,Rajasthan,2024-10-23
254,Ishaan Arora,Female,25,Delhi,Delhi,2025-05-24
255,Sanya Arora,Female,29,Chennai,Tamil Nadu,2025-01-24
256,Karan Khanna,Male,50,Indore,Madhya Pradesh,2025-11-15
257,Priya Reddy,Female,22,Amritsar,Punjab,2024-02-13
258,Sanya Sharma,Female,19,Gurugram,Haryana,2024-03-20
259,Rahul Verma,Female,54,Patiala,Punjab,2025-08-10
260,Meera Mehta,Female,58,Patiala,Punjab,2024-10-23
261,Ankit Khanna,Male,43,Delhi,Delhi,2024-11-28
262,Pooja Verma,Male,57,Gurugram,Haryana,2025-12-07
263,Vivaan Reddy,Female,23,Patiala,Punjab,2024-04-18
264,Meera Bansal,Male,45,Bhopal,Madhya Pradesh,2025-02-14
265,Vivaan Sethi,Male,43,Lucknow,Uttar Pradesh,2024-12-13
266,Manav Sharma,Male,39,Kolkata,West Bengal,2024-03-19
267,Tanya Verma,Male,51,Kochi,Kerala,2024-07-17
268,Kavya Reddy,Female,40,Chennai,Tamil Nadu,2024-08-29
269,Pooja Singh,Male,27,Jaipur,Rajasthan,2024-07-21
270,Aarav Sethi,Male,56,Chennai,Tamil Nadu,2025-11-02
271,Ankit Nair,Male,29,Noida,Uttar Pradesh,2025-04-20
272,Kavya Singh,Female,54,Surat,Gujarat,2024-11-26
273,Karan Joshi,Female,27,Gurugram,Haryana,2024-03-10
274,Simran Kumar,Female,46,Lucknow,Uttar Pradesh,2024-10-08
275,Arjun Verma,Male,40,Kochi,Kerala,2024-03-16
276,Ananya Arora,Female,47,Gurugram,Haryana,2024-02-08
277,Meera Gupta,Male,41,Lucknow,Uttar Pradesh,2024-03-19
278,Ananya Gupta,Male,57,Surat,Gujarat,2025-06-03
279,Neha Chopra,Female,47,Bhopal,Madhya Pradesh,2025-07-21
280,Kavya Mishra,Male,46,Bhopal,Madhya Pradesh,2025-10-29
281,Vikram Bhatia,Male,38,Surat,Gujarat,2025-05-02
282,Karan Singh,Male,21,Gurugram,Haryana,2024-04-15
283,Neha Sethi,Female,23,Kochi,Kerala,2025-10-23
284,Simran Chopra,Male,20,Ahmedabad,Gujarat,2025-12-25
285,Kavya Gupta,Female,46,Kochi,Kerala,2025-06-19
286,Riya Agarwal,Male,41,Ludhiana,Punjab,2024-10-16
287,Simran Mehta,Female,44,Chandigarh,Chandigarh,2025-11-26
288,Rohan Gupta,Male,58,Chandigarh,Chandigarh,2024-03-08
289,Priya Verma,Female,24,Indore,Madhya Pradesh,2025-11-25
290,Isha Kumar,Female,36,Jaipur,Rajasthan,2025-11-03
291,Arjun Mehta,Male,39,Bengaluru,Karnataka,2025-08-19
292,Arjun Gupta,Male,40,Lucknow,Uttar Pradesh,2025-11-02
293,Meera Chopra,Female,26,Surat,Gujarat,2025-12-26
294,Kabir Kumar,Male,37,Indore,Madhya Pradesh,2025-01-20
295,Isha Bansal,Female,26,Kochi,Kerala,2024-04-05
296,Aditya Kumar,Female,50,Ludhiana,Punjab,2024-01-19
297,Manav Agarwal,Female,37,Kolkata,West Bengal,2024-08-07
298,Simran Joshi,Female,49,Pune,Maharashtra,2024-08-19
299,Rahul Kumar,Male,27,Bengaluru,Karnataka,2024-10-29
300,Vivaan Khanna,Male,50,Indore,Madhya Pradesh,2025-06-23
301,Rahul Singh,Male,60,Chandigarh,Chandigarh,2025-09-24
302,Vikram Agarwal,Male,56,Amritsar,Punjab,2024-06-06
303,Kavya Joshi,Male,29,Surat,Gujarat,2024-06-18
304,Riya Sethi,Female,20,Patiala,Punjab,2025-01-08
305,Aarav Khanna,Male,46,Surat,Gujarat,2024-10-18
306,Isha Sethi,Female,32,Indore,Madhya Pradesh,2024-09-01
307,Ankit Mehta,Female,48,Pune,Maharashtra,2025-01-11
308,Neha Malhotra,Female,47,Lucknow,Uttar Pradesh,2025-01-26
309,Aarav Sharma,Female,28,Pune,Maharashtra,2025-09-11
310,Meera Arora,Male,34,Mumbai,Maharashtra,2025-10-18
311,Meera Mishra,Female,41,Indore,Madhya Pradesh,2024-04-15
312,Rohan Singh,Male,36,Bengaluru,Karnataka,2024-06-13
313,Nikhil Arora,Female,46,Kochi,Kerala,2024-05-30
314,Kavya Kapoor,Female,23,Ahmedabad,Gujarat,2025-04-06
315,Tanya Nair,Female,19,Patiala,Punjab,2024-02-24
316,Pooja Bhatia,Female,50,Ludhiana,Punjab,2024-08-29
317,Neha Bhatia,Female,23,Ludhiana,Punjab,2024-08-17
318,Vikram Chopra,Male,38,Hyderabad,Telangana,2025-10-27
319,Aditya Reddy,Female,27,Chennai,Tamil Nadu,2024-02-09
320,Isha Bhatia,Female,48,Chennai,Tamil Nadu,2025-12-23
321,Rohan Arora,Female,46,Surat,Gujarat,2024-01-06
322,Isha Mishra,Male,19,Jaipur,Rajasthan,2024-08-08
323,Kabir Sethi,Male,53,Surat,Gujarat,2025-06-24
324,Aarav Verma,Female,25,Lucknow,Uttar Pradesh,2024-08-31
325,Sanya Bhatia,Female,25,Mumbai,Maharashtra,2024-09-01
326,Rohan Sharma,Female,58,Surat,Gujarat,2025-04-13
327,Ananya Singh,Male,25,Noida,Uttar Pradesh,2025-09-03
328,Kabir Arora,Male,58,Kochi,Kerala,2025-08-11
329,Ishaan Gill,Male,27,Lucknow,Uttar Pradesh,2025-03-15
330,Sanya Joshi,Male,57,Ludhiana,Punjab,2024-09-03
331,Riya Bansal,Female,29,Bengaluru,Karnataka,2025-06-20
332,Manav Gupta,Female,22,Kochi,Kerala,2025-07-11
333,Kabir Mishra,Male,42,Noida,Uttar Pradesh,2024-02-14
334,Aditya Gill,Female,41,Jaipur,Rajasthan,2024-01-17
335,Aarav Mehta,Female,22,Ludhiana,Punjab,2024-09-03
336,Priya Kumar,Male,55,Chandigarh,Chandigarh,2024-05-16
337,Rahul Bansal,Male,40,Indore,Madhya Pradesh,2024-12-12
338,Meera Sethi,Male,47,Noida,Uttar Pradesh,2025-10-08
339,Ananya Bhatia,Male,26,Bengaluru,Karnataka,2025-04-13
340,Manav Mehta,Male,36,Pune,Maharashtra,2024-02-14
341,Nikhil Joshi,Male,20,Chandigarh,Chandigarh,2024-11-13
342,Nikhil Agarwal,Female,52,Noida,Uttar Pradesh,2024-09-16
343,Vivaan Chopra,Male,59,Pune,Maharashtra,2024-10-19
344,Neha Mehta,Female,21,Chandigarh,Chandigarh,2024-10-06
345,Ishaan Kapoor,Male,41,Patiala,Punjab,2025-02-13
346,Sanya Gill,Female,42,Chandigarh,Chandigarh,2024-07-10
347,Kabir Khanna,Female,49,Ludhiana,Punjab,2025-06-15
348,Arjun Gill,Female,23,Patiala,Punjab,2024-03-21
349,Aditya Mishra,Female,56,Kolkata,West Bengal,2025-07-12
350,Vivaan Gupta,Female,38,Hyderabad,Telangana,2024-03-22
351,Aditya Malhotra,Female,60,Lucknow,Uttar Pradesh,2024-11-09
352,Isha Chopra,Female,56,Patiala,Punjab,2024-06-19
353,Meera Sharma,Female,40,Gurugram,Haryana,2024-02-13
354,Arjun Sethi,Female,57,Patiala,Punjab,2024-10-08
355,Pooja Malhotra,Male,22,Amritsar,Punjab,2025-01-07
356,Kabir Kapoor,Male,19,Chennai,Tamil Nadu,2025-09-14
357,Aisha Gupta,Female,20,Chennai,Tamil Nadu,2024-03-09
358,Priya Gill,Male,59,Ludhiana,Punjab,2025-01-05
359,Aisha Bhatia,Female,54,Mumbai,Maharashtra,2025-09-11
360,Priya Bhatia,Male,46,Ludhiana,Punjab,2025-01-15
361,Rahul Reddy,Female,22,Bhopal,Madhya Pradesh,2024-05-20
362,Meera Joshi,Female,43,Chandigarh,Chandigarh,2025-10-27
363,Tanya Reddy,Female,33,Hyderabad,Telangana,2024-01-27
364,Rahul Malhotra,Male,49,Kochi,Kerala,2025-01-31
365,Ishaan Chopra,Male,34,Jaipur,Rajasthan,2025-12-21
366,Sanya Verma,Female,31,Surat,Gujarat,2024-10-19
367,Arjun Nair,Female,30,Hyderabad,Telangana,2024-05-18
368,Ananya Reddy,Male,46,Kolkata,West Bengal,2025-12-31
369,Riya Khanna,Female,23,Chandigarh,Chandigarh,2025-11-14
370,Aisha Singh,Female,22,Indore,Madhya Pradesh,2025-07-09
371,Isha Joshi,Female,37,Kolkata,West Bengal,2025-12-29
372,Riya Joshi,Male,41,Kochi,Kerala,2024-08-17
373,Simran Mishra,Male,30,Chennai,Tamil Nadu,2024-08-30
374,Pooja Sharma,Female,19,Ludhiana,Punjab,2025-07-21
375,Simran Kapoor,Female,47,Indore,Madhya Pradesh,2024-05-12
376,Priya Sethi,Male,22,Lucknow,Uttar Pradesh,2025-02-11
377,Karan Bansal,Female,51,Patiala,Punjab,2025-02-23
378,Vivaan Nair,Male,26,Chandigarh,Chandigarh,2025-10-19
379,Rahul Agarwal,Male,46,Gurugram,Haryana,2025-11-27
380,Aisha Mehta,Female,26,Indore,Madhya Pradesh,2025-10-17
381,Ankit Verma,Male,26,Patiala,Punjab,2025-05-29
382,Ishaan Singh,Male,25,Kochi,Kerala,2024-06-05
383,Karan Agarwal,Female,28,Kolkata,West Bengal,2024-11-26
384,Vivaan Bansal,Male,40,Kochi,Kerala,2024-10-17
385,Ankit Malhotra,Male,34,Pune,Maharashtra,2025-10-12
386,Kavya Sethi,Female,26,Lucknow,Uttar Pradesh,2025-09-21
387,Tanya Kapoor,Male,50,Kolkata,West Bengal,2025-08-29
388,Priya Mehta,Male,28,Surat,Gujarat,2025-09-11
389,Kavya Chopra,Female,54,Mumbai,Maharashtra,2024-01-30
390,Ishaan Bhatia,Male,20,Bhopal,Madhya Pradesh,2024-09-28
391,Rahul Gill,Male,54,Patiala,Punjab,2025-09-24
392,Tanya Kumar,Male,49,Indore,Madhya Pradesh,2024-10-23
393,Ananya Mishra,Female,48,Ahmedabad,Gujarat,2025-12-02
394,Manav Khanna,Female,37,Gurugram,Haryana,2024-03-15
395,Ishaan Reddy,Male,28,Gurugram,Haryana,2025-03-01
396,Kabir Gill,Female,47,Pune,Maharashtra,2024-12-14
397,Meera Nair,Male,38,Chandigarh,Chandigarh,2024-12-19
398,Rohan Kapoor,Female,26,Ludhiana,Punjab,2025-06-11
399,Manav Arora,Male,38,Ahmedabad,Gujarat,2025-04-22
400,Neha Arora,Male,35,Gurugram,Haryana,2024-09-10
401,Vivaan Mishra,Male,24,Mumbai,Maharashtra,2024-10-24
402,Riya Arora,Female,57,Patiala,Punjab,2024-09-11
403,Kavya Khanna,Male,38,Bhopal,Madhya Pradesh,2024-11-16
404,Tanya Sethi,Male,28,Noida,Uttar Pradesh,2025-06-11
405,Rahul Mishra,Female,49,Lucknow,Uttar Pradesh,2025-05-24
406,Kavya Kumar,Male,23,Amritsar,Punjab,2025-06-01
407,Karan Kapoor,Female,33,Pune,Maharashtra,2025-08-20
408,Nikhil Verma,Female,21,Mumbai,Maharashtra,2024-10-15
409,Nikhil Khanna,Female,56,Noida,Uttar Pradesh,2024-10-19
410,Rohan Kumar,Male,24,Patiala,Punjab,2024-05-17
411,Nikhil Malhotra,Female,41,Amritsar,Punjab,2025-01-09
412,Riya Mehta,Male,43,Mumbai,Maharashtra,2025-08-06
413,Ananya Chopra,Male,41,Indore,Madhya Pradesh,2024-10-22
414,Sanya Reddy,Male,42,Kochi,Kerala,2025-04-06
415,Sanya Kapoor,Female,57,Surat,Gujarat,2024-05-01
416,Aditya Arora,Male,24,Amritsar,Punjab,2025-01-17
417,Tanya Gill,Female,53,Ludhiana,Punjab,2024-05-27
418,Sanya Gupta,Male,56,Kochi,Kerala,2025-02-15
419,Vikram Bansal,Male,20,Mumbai,Maharashtra,2024-05-20
420,Pooja Joshi,Female,48,Kochi,Kerala,2025-04-12
421,Karan Mishra,Male,56,Kochi,Kerala,2024-05-23
422,Riya Gill,Female,57,Chandigarh,Chandigarh,2024-06-15
423,Vivaan Kumar,Female,57,Lucknow,Uttar Pradesh,2025-08-30
424,Vivaan Joshi,Female,50,Kochi,Kerala,2025-06-29
425,Simran Sharma,Female,54,Lucknow,Uttar Pradesh,2025-05-01
426,Rohan Gill,Male,41,Chandigarh,Chandigarh,2025-11-20
427,Priya Joshi,Male,44,Bhopal,Madhya Pradesh,2024-11-11
428,Nikhil Mehta,Male,56,Noida,Uttar Pradesh,2024-09-28
429,Neha Mishra,Male,21,Bhopal,Madhya Pradesh,2025-05-06
430,Riya Verma,Male,51,Surat,Gujarat,2025-01-24
431,Kabir Gupta,Male,33,Mumbai,Maharashtra,2025-08-09
432,Vikram Sethi,Male,30,Delhi,Delhi,2025-03-27
433,Priya Singh,Female,44,Chennai,Tamil Nadu,2025-02-26
434,Aditya Sharma,Male,44,Kochi,Kerala,2025-09-18
435,Nikhil Nair,Female,21,Chennai,Tamil Nadu,2025-06-15
436,Arjun Kumar,Male,53,Chandigarh,Chandigarh,2025-11-09
437,Meera Reddy,Female,51,Amritsar,Punjab,2024-11-17
438,Ananya Joshi,Male,47,Indore,Madhya Pradesh,2024-12-16
439,Simran Nair,Female,59,Jaipur,Rajasthan,2025-09-16
440,Vivaan Singh,Female,30,Ahmedabad,Gujarat,2024-10-12
441,Manav Nair,Female,32,Lucknow,Uttar Pradesh,2024-10-22
442,Rahul Joshi,Male,49,Chandigarh,Chandigarh,2025-05-06
443,Neha Khanna,Female,53,Jaipur,Rajasthan,2024-10-21
444,Ankit Mishra,Male,54,Indore,Madhya Pradesh,2025-01-23
445,Kabir Nair,Female,40,Chennai,Tamil Nadu,2024-10-24
446,Nikhil Kumar,Male,36,Bengaluru,Karnataka,2024-12-20
447,Aditya Khanna,Female,59,Jaipur,Rajasthan,2025-05-05
448,Nikhil Reddy,Male,30,Indore,Madhya Pradesh,2024-10-04
449,Ishaan Sharma,Female,26,Hyderabad,Telangana,2025-09-22
450,Ishaan Sethi,Male,33,Mumbai,Maharashtra,2025-11-16
451,Ankit Chopra,Male,58,Ahmedabad,Gujarat,2024-02-23
452,Pooja Sethi,Male,44,Chandigarh,Chandigarh,2025-04-28
453,Karan Sethi,Male,26,Delhi,Delhi,2025-07-17
454,Arjun Bhatia,Male,44,Noida,Uttar Pradesh,2025-05-03
455,Tanya Gupta,Male,36,Chandigarh,Chandigarh,2024-10-19
456,Ankit Reddy,Male,23,Bhopal,Madhya Pradesh,2024-08-25
457,Ishaan Kumar,Male,29,Patiala,Punjab,2024-06-29
458,Kavya Agarwal,Male,43,Noida,Uttar Pradesh,2024-07-09
459,Rohan Verma,Female,20,Delhi,Delhi,2024-11-01
460,Manav Chopra,Male,39,Lucknow,Uttar Pradesh,2025-04-10
461,Pooja Bansal,Female,26,Kochi,Kerala,2025-04-24
462,Aarav Kumar,Female,30,Hyderabad,Telangana,2024-12-04
463,Sanya Mehta,Male,47,Jaipur,Rajasthan,2024-07-09
464,Manav Reddy,Male,39,Lucknow,Uttar Pradesh,2025-08-04
465,Vikram Singh,Male,29,Surat,Gujarat,2025-10-16
466,Neha Verma,Female,45,Kochi,Kerala,2024-12-01
467,Ananya Khanna,Male,43,Hyderabad,Telangana,2024-07-08
468,Karan Chopra,Male,48,Chandigarh,Chandigarh,2024-09-11
469,Aisha Reddy,Male,34,Amritsar,Punjab,2024-08-29
470,Ishaan Malhotra,Female,35,Chandigarh,Chandigarh,2024-11-05
471,Kavya Bhatia,Male,34,Ludhiana,Punjab,2025-12-10
472,Riya Chopra,Male,21,Hyderabad,Telangana,2025-04-21
473,Simran Malhotra,Female,28,Amritsar,Punjab,2025-12-03
474,Karan Verma,Female,25,Lucknow,Uttar Pradesh,2025-01-11
475,Priya Kapoor,Male,32,Chennai,Tamil Nadu,2025-05-04
476,Aarav Nair,Male,47,Surat,Gujarat,2025-01-17
477,Neha Bansal,Female,53,Noida,Uttar Pradesh,2025-07-04
478,Isha Gill,Male,33,Surat,Gujarat,2024-03-24
479,Karan Bhatia,Female,51,Ludhiana,Punjab,2024-03-20
480,Karan Arora,Male,21,Indore,Madhya Pradesh,2025-06-01
481,Aditya Kapoor,Male,54,Indore,Madhya Pradesh,2024-06-02
482,Aarav Joshi,Male,38,Kochi,Kerala,2025-03-28
483,Aarav Mishra,Male,31,Bhopal,Madhya Pradesh,2025-05-15
484,Aisha Mishra,Male,50,Gurugram,Haryana,2024-02-26
485,Neha Singh,Female,26,Kochi,Kerala,2025-03-01
486,Aditya Gupta,Female,54,Mumbai,Maharashtra,2025-07-26
487,Meera Bhatia,Female,37,Delhi,Delhi,2025-02-09
488,Sanya Mishra,Female,18,Pune,Maharashtra,2025-08-15
489,Ishaan Mishra,Male,20,Patiala,Punjab,2024-12-18
490,Kavya Malhotra,Male,52,Mumbai,Maharashtra,2024-03-11
491,Aditya Chopra,Female,20,Lucknow,Uttar Pradesh,2025-02-22
492,Simran Agarwal,Male,26,Patiala,Punjab,2025-01-18
493,Arjun Arora,Female,46,Amritsar,Punjab,2025-01-19
494,Karan Reddy,Male,60,Indore,Madhya Pradesh,2024-05-16
495,Rahul Mehta,Female,25,Kolkata,West Bengal,2025-07-04
496,Vikram Sharma,Female,51,Chennai,Tamil Nadu,2024-08-16
497,Simran Bhatia,Male,19,Lucknow,Uttar Pradesh,2025-04-19
498,Aarav Chopra,Female,52,Amritsar,Punjab,2024-08-23
499,Aditya Agarwal,Male,47,Ludhiana,Punjab,2024-06-07
500,Riya Kapoor,Female,30,Hyderabad,Telangana,2024-02-02
